2023-11-26 08:50:18.6287|Error|Something occurred in FreelancerCLone.Controllers.HomeController's Feedback method. | 
2023-11-26 13:55:38.4895|Error|Something occurred in FreelancerCLone.Controllers.HomeController's Feedback method. | 
2023-11-26 14:58:34.9118|Error|Something occurred in FreelancerCLone.Controllers.HomeController's Feedback method. | 
2023-11-26 15:11:27.8175|Error|Something occurred in FreelancerCLone.Controllers.HomeController's Feedback method. | 
2023-11-26 16:22:48.2797|Error|An error occurred while saving the entity changes. See the inner exception for details. occurred in FreelancerCLone.Controllers.UserController's CreateEditProject method. | 
2023-11-26 16:23:28.0116|Error|An error occurred while saving the entity changes. See the inner exception for details. occurred in FreelancerCLone.Controllers.UserController's CreateEditProject method. | 
2023-11-26 16:23:43.7456|Error|An error occurred while saving the entity changes. See the inner exception for details. occurred in FreelancerCLone.Controllers.UserController's AddUserSkills method. | 
2023-11-26 16:29:28.1322|Error|An error occurred while saving the entity changes. See the inner exception for details. occurred in FreelancerCLone.Controllers.UserController's CreateEditProject method. | 
2023-11-26 16:29:50.4755|Error|An error occurred while saving the entity changes. See the inner exception for details. occurred in FreelancerCLone.Controllers.UserController's AddUserSkills method. | 
2023-11-26 16:31:38.8542|Error|Something occurred in FreelancerCLone.Controllers.HomeController's Feedback method. | 
2023-11-26 16:39:16.1085|Error|An error occurred while saving the entity changes. See the inner exception for details. occurred in FreelancerCLone.Controllers.UserController's CreateEditProject method. | 
2023-11-26 16:53:30.7592|Error|An error occurred while saving the entity changes. See the inner exception for details. occurred in FreelancerCLone.Controllers.UserController's CreateEditProject method. | 
2023-11-26 17:21:04.7744|Error|Something occurred in FreelancerCLone.Controllers.HomeController's Feedback method. | 
2023-11-26 17:49:57.4421|Error|Something occurred in FreelancerCLone.Controllers.HomeController's Feedback method. | 
2023-11-26 17:52:38.7397|Error|Something occurred in FreelancerCLone.Controllers.HomeController's Feedback method. | 
2023-11-26 17:53:11.4769|Error|Something occurred in FreelancerCLone.Controllers.HomeController's Feedback method. | 
